{"modelTopology":{"class_name":"Sequential","config":{"name":"sequential_1","layers":[{"class_name":"Dense","config":{"units":100,"activation":"relu","use_bias":true,"kernel_initializer":{"class_name":"VarianceScaling","config":{"scale":1,"mode":"fan_avg","distribution":"normal","seed":null}},"bias_initializer":{"class_name":"Zeros","config":{}},"kernel_regularizer":null,"bias_regularizer":null,"activity_regularizer":null,"kernel_constraint":null,"bias_constraint":null,"name":"dense_Dense1","trainable":true,"batch_input_shape":[null,7],"dtype":"float32"}},{"class_name":"Dense","config":{"units":300,"activation":"relu","use_bias":true,"kernel_initializer":{"class_name":"VarianceScaling","config":{"scale":1,"mode":"fan_avg","distribution":"normal","seed":null}},"bias_initializer":{"class_name":"Zeros","config":{}},"kernel_regularizer":null,"bias_regularizer":null,"activity_regularizer":null,"kernel_constraint":null,"bias_constraint":null,"name":"dense_Dense2","trainable":true}},{"class_name":"Dense","config":{"units":2,"activation":"linear","use_bias":true,"kernel_initializer":{"class_name":"VarianceScaling","config":{"scale":1,"mode":"fan_avg","distribution":"normal","seed":null}},"bias_initializer":{"class_name":"Zeros","config":{}},"kernel_regularizer":null,"bias_regularizer":null,"activity_regularizer":null,"kernel_constraint":null,"bias_constraint":null,"name":"dense_Dense3","trainable":true}}]},"keras_version":"tfjs-layers 2.0.1","backend":"tensor_flow.js"},"format":"layers-model","generatedBy":"TensorFlow.js tfjs-layers v2.0.1","convertedBy":null,"weightsManifest":[{"paths":["./my-model.weights.bin"],"weights":[{"name":"dense_Dense1/kernel","shape":[7,100],"dtype":"float32"},{"name":"dense_Dense1/bias","shape":[100],"dtype":"float32"},{"name":"dense_Dense2/kernel","shape":[100,300],"dtype":"float32"},{"name":"dense_Dense2/bias","shape":[300],"dtype":"float32"},{"name":"dense_Dense3/kernel","shape":[300,2],"dtype":"float32"},{"name":"dense_Dense3/bias","shape":[2],"dtype":"float32"}]}]}