{"modelTopology":{"class_name":"Sequential","config":{"name":"sequential_1","layers":[{"class_name":"Conv2D","config":{"filters":8,"kernel_initializer":{"class_name":"VarianceScaling","config":{"scale":1,"mode":"fan_avg","distribution":"normal","seed":null}},"kernel_regularizer":null,"kernel_constraint":null,"kernel_size":[3,3],"strides":[1,1],"padding":"valid","data_format":"channels_last","dilation_rate":[1,1],"activation":"relu","use_bias":true,"bias_initializer":{"class_name":"Zeros","config":{}},"bias_regularizer":null,"activity_regularizer":null,"bias_constraint":null,"name":"conv2d_Conv2D1","trainable":true,"batch_input_shape":[null,25,50,1],"dtype":"float32"}},{"class_name":"MaxPooling2D","config":{"pool_size":[3,3],"padding":"valid","strides":[3,3],"data_format":"channels_last","name":"max_pooling2d_MaxPooling2D1","trainable":true}},{"class_name":"BatchNormalization","config":{"axis":-1,"momentum":0.99,"epsilon":0.001,"center":true,"scale":true,"beta_initializer":{"class_name":"Zeros","config":{}},"gamma_initializer":{"class_name":"Ones","config":{}},"moving_mean_initializer":{"class_name":"Zeros","config":{}},"moving_variance_initializer":{"class_name":"Ones","config":{}},"beta_regularizer":null,"gamma_regularizer":null,"beta_constraint":null,"gamma_constraint":null,"name":"batch_normalization_BatchNormalization1","trainable":true}},{"class_name":"Flatten","config":{"name":"flatten_Flatten1","trainable":true}},{"class_name":"Dense","config":{"units":20,"activation":"relu","use_bias":true,"kernel_initializer":{"class_name":"VarianceScaling","config":{"scale":1,"mode":"fan_avg","distribution":"normal","seed":null}},"bias_initializer":{"class_name":"Zeros","config":{}},"kernel_regularizer":null,"bias_regularizer":null,"activity_regularizer":null,"kernel_constraint":null,"bias_constraint":null,"name":"dense_Dense1","trainable":true}},{"class_name":"Dense","config":{"units":2,"activation":"linear","use_bias":true,"kernel_initializer":{"class_name":"VarianceScaling","config":{"scale":1,"mode":"fan_avg","distribution":"normal","seed":null}},"bias_initializer":{"class_name":"Zeros","config":{}},"kernel_regularizer":null,"bias_regularizer":null,"activity_regularizer":null,"kernel_constraint":null,"bias_constraint":null,"name":"dense_Dense2","trainable":true}}]},"keras_version":"tfjs-layers 2.0.1","backend":"tensor_flow.js"},"format":"layers-model","generatedBy":"TensorFlow.js tfjs-layers v2.0.1","convertedBy":null,"weightsManifest":[{"paths":["./my-model.weights.bin"],"weights":[{"name":"conv2d_Conv2D1/kernel","shape":[3,3,1,8],"dtype":"float32"},{"name":"conv2d_Conv2D1/bias","shape":[8],"dtype":"float32"},{"name":"batch_normalization_BatchNormalization1/gamma","shape":[8],"dtype":"float32"},{"name":"batch_normalization_BatchNormalization1/beta","shape":[8],"dtype":"float32"},{"name":"dense_Dense1/kernel","shape":[896,20],"dtype":"float32"},{"name":"dense_Dense1/bias","shape":[20],"dtype":"float32"},{"name":"dense_Dense2/kernel","shape":[20,2],"dtype":"float32"},{"name":"dense_Dense2/bias","shape":[2],"dtype":"float32"},{"name":"batch_normalization_BatchNormalization1/moving_mean","shape":[8],"dtype":"float32"},{"name":"batch_normalization_BatchNormalization1/moving_variance","shape":[8],"dtype":"float32"}]}]}